sha256,file
ea3ffa6c44d5989ece7066422db9d1d821f7aa2efbce317b87ca719b848e6fc6,RaraAudioApp(1).exe
f52c2c693964f6868bc33d87a97ebecee19b80bc83a1f629193d873127d480c6,completeusermanuals.exe
c36db02b3f57189d504a7e688befa31a379b307c663a54c799f2bedd0dc471a7,RaraAudioApp.exe
7833b0ae1d4daeb7f35577c32a7aa2bb0659fd681fb36c6196f4457003c1e990,TotalUserManuals (1).exe
94dc4138bfabf6a3e7cefffc5f5062fe0ac31384bae4ad78f27557ddb29f6eae,TotalUserManuals.exe
8ecd3c8c126be7128bf654456d171284f03e4f212c27e1b33f875b8907a7bc65,justaskjacky.exe
0abd1e39e17fa99366c8f1cc9171730867b6e86f6362b0492a090170f0305e55,manualreaderpro.exe
4f89dd3b73438751feab0bf92c5d732db86796375d21c29e9437de2391223a15,onlinespeedtest.exe
0450783005239eeb1eb07eb1aa9e1228af3d64b9aee9c7d9461a83f6d71ea7e3,internetconnectioncheck.exe
802fda5435cb7d3121d1b21e3cb721072d1a42991901835187e0dbca60e35edd,measureinternetspeed.exe
0bf92be9bb3989d78ce9f345df190a543eb984cc5479928399b4610d5d94c41f,anyproductmanual.exe
b09fd02e58afd99f7ee8b00c604319d5e83cfa63819b6dd56568fbf4dbce528a,AllManualsReader_oc.exe
315c2c6654cc4a29597ffc2c5694e38385e67b3f8b149960874a539836c5773d,C:\Users\firec\Downloads\viewmanual.exe
a7fbbb0393e36bc70b6eafb967a3b11a65c442090da1840364886b984784135c,C:\Users\ken\Downloads\ClassicSudoku_oc.exe
ef521217cefa4037b28621b04ad6f9415cc8fadf420cc78d585208d71faed08a,RaraAudioApp.exe
8033669bb8287a4df5346ee0f5b35a3c4450433f595ab0a2d18ddb232d9988d7,AllManualsReader_oc.exe
a0dae9b551026295575dcf4b1f668069b8fe8119458e792e8293299a74e79436,C:\Users\Lycan\Downloads\OpenMyManual.exe
d4bb1e5a4ec89039b6277a102d6d809ac873de4873952880acca1edd29d5e0c0,jamanualreaderpro.exe
e18e59723949ad0a2791e95d4c0ffd7657929e8dc6a0d718598b3aec962f73c2,themanualshelf.exe
a16ecfcf5e6d7742f0e642309c3a0bf84eaf21962e663ce728f44c93ee70a28e,C:\Users\PaulS\Downloads\AllManualsReader_oc.exe
3697f763980e594c83d708b43c410f753134e83baf33f822bba36133e0b1eafc,TurboFixPDF.exe
9f948215b9ee7e7496ce3bc9e46fda56b50cc8905b88535225c7651007f660d5,OpenMyManual.exe
113b23c062229aa57dfef68631f85f615e61673024b73cb9c0f5269b712610fa,quickmanualreader.exe
f81b533757f4603f2eae935b8b9f466b2c2e3563f44bd40711afbf8980f45eb2,C:\Users\Administrator\Downloads\OpenMyManual.exe
ab4cd54823a162838a87317d3d368d32c0ea623128252ee05a0c63318f55cec1,C:\Users\Clarence\Downloads\AllManualsReader_oc (1).exe
db62ac71ac17a2f8e3d19b4f093ff1226d5de7fa323dd4564fb0dbb37ae8a364,playcandybreaker.exe
c391b1e00a8fcc120605a6e0c4e26c5ec9624b8e194460d34ae0d26efd147847,C:\Users\Michael Halpern\Downloads\manualreaderpro.exe
71273af47ee2792b68320054ebf44d2dfe4cbe7825c0aedc5a9b65abb5744851,C:\Users\Sherley\Downloads\AskBettyHow.exe
d792bc4896854d30b1ea4b2120ec39c4987b4d63802ee0775314f269f138e7f7,classic8ball.exe
4358eb448e194f4058677a4e38e269a96c61580f7fad3bb2a34a23ff3121b3be,worldpackagetracker.exe
8fb8d1df307f58db070eb5aa82a3ef3a41512d2aa73278d574ab32e55123488a,c:\users\estim\Downloads\AllManualsReader.exe
3c51ca74e721e5e177c5a8495131d7a65ea6733ea8e8875ba3e1ce0270a136b7,EffortlessPDF.exe
3cccbe2e524cb458ea48c108e36efabbf36c76cf30c80b64f52acf8b7b113de9,getmanualviewer.exe
30d21ea26917366654f606a8577b430cafe03654432cc97598fad30d16157e2c,sudokufunzone.exe
ef4b57bad0d28a65333691e1c27787690d58516a79f9cf2fbe840d69401a1932,AllManualsReader_oc.exe
2c2a0f2fe3a596a551155520612fa7d093b5311dfe477da6f0a2d511cfbd5b11,bestmanualviewer.exe
7fe170dc2ca9f333a177d7d2a5f6fee9e674164e7b46b2c2590c49be1aa9fe05,solitairefunzone (1).exe
1fc4819fcf2522622fd846bf4abcd03ae02adf41366b9911fe7bb30f2a4dc4b7,sudokufunspot.exe
3c34ec7e666c853465058b96421c018d93e532350547a90a6f68c7db5414a4b1,crosswordfunzone.exe
d70bc73a61252d5d9fde5593670fa790e4e9611838fd6c74f2b9cab97a5cea0f,playcrosswordnow.exe
25575ffd50528952865b2b1df354461148474606c1adc68c0f140e3dcab10362,FallingCubes.exe
cac499fe09d2640e376c6e6f45d5d287c75faf94d8ba26290016a815a8b4c5b4,Solitaire_oc (1).exe
9fb1dc56a042e6eca786f3aaa7b21d148dfb8276f6cc2cdb867408b20117f547,Checkers.exe
2355ee5283fe7171d5d74302eb7f4e371e2e76c52eb3f07ff3a954a854ae8e4e,Backgammon.exe
9f5538afb90dfb0eac126808868a65403a09758b63e3688ef17df1de27782813,UltimateSudoku.exe
05d9f4426ad77fcf73a357a4f5ca1d0cf9ceccf44117c1bc829afb79a2f8671b,MasterChess_oc.exe
53e95841106499cf90494d7f90ff6baf71d0d4b3cc6b23a299ab987d3b9dc76e,FallingCubes_oc.exe
fccf2c72054e9aa8e5a134854e573b23316a6622631f818695d9c0eb3ca3f1a7,Minesweeper.exe
14577f1a8d5ea9f5f255b456f0f69fe4e3a1cba82d707de28b3ca25410393c17,gocookmate (1).exe
4967262d1b136bb77be89a2e15c732a9edcc0377b6aaa88a6abecf5a4f8b9215,mapmypackage (1).exe
035e7dd115afc47704db586a61aa9c189cde7228e752e0491352930f20d97dcc,GetAllManuals.exe
512735bb19571707ab484cdfdb2cba74f5a8fdd9e415a8ea8ccf5c1f326f9a4e,PDFPerfection.exe
dfa5785c13a739fb2fae72f405984eef89dc7bf3dd94137692e96826113d51e0,PDFMagician.exe
5ca8c9224dcf9e69cf9a5c516e5be8a6fb4456339ce381d69be2877b60cbf444,pdfblitz.exe
0b90c3ef5bc8918c334638f2f11100a992fafbca7e16934652b70f3b2579131b,UserManualWizard (1).exe
2c5ffcb73cd1c32937cfe2752c3a4e061dcf394c28a044001bed43bea3312c34,6c725c2d-f0c8-4b77-b3a2-cca6587f3888.exe
7cd6564324d767008def4a8d5819c21b577f70f3ab51bc2667b8828f472109ef,UntieAudioApp.exe
f66a3f181471cca8af12d5a4a890ed3c1c1cbaa41ba3cf2fb765e212ceb391e5,checker mail.exe
2c4930c40225965e6736976d83e989623b9a03cf5c4d9b0f99b5799664371757,usermanualmaster.exe
70583bb0d6fa6c2a3a3ca38d17f26d4dda3ec7223350750ba5a2e12c16733fd2,bestusermanual(1).exe
94fbb9cc3af0d9ec25d415e35ec65491d6182e452265c854e125cfd94227a53d,ClassicMinesweeper.exe
a16cbf9ab535d4ad628b583ec3e026799f38bb50b98c495333302f7b804390ea,C:\Users\Owner\Downloads\OpenMyManual.exe
db0d90d825db484a146ebc43408c8e722b676616c32d84684bc94ddc8b92e893,EffortlessPDF.exe
ef9621f7fe04fd053e58af7d5863780defd1d2948c131d7df3f76bdb46932688,SpeedyPDFHub.exe
52d234e085c8bf67fa9d338cc5621f17d4ebe166f180896185e5f28c2655c811,AllManualsReader_2.exe
3731b729ffc4aaa42bacb56e0340e29d3b0cb5d14f287bc281ecb716eba0d8d1,PDFPerfection.exe
7364b8cefd46a8ff918df679066fb8041b98a3e57a09f782ad6f8757fabf56cd,Checkers.exe
6ea919c991b29ac78d80b9b6080c380a3e53813e1a2b0c3e576763a3ec22ef05,C:\Users\Owner\Downloads\GetAllManuals.exe
091d3bf2f0f6dc08b23151b5acd7cf53217d1ed2812e507d96dc467d9d3092d6,SnakeAttack.exe
e340e41da2779a714c2c0590955ade6dc35b3c9246bde5cca8e1cab1b937593c,PDFMagician.exe
d9a0d3f05ed8efd475f7b76ca3d4ad7d136b274979d2a0abb6ca26d1a2e98512,FallingCubes.exe
e8c8f6d44559e640cf8db689b32be1cf945658fdde06ba39582e298de1b8f14e,RaraAudioApp.exe
fcbbea20d65b099759b510dd706ddea71870063b33005902e5dad0fbf07b65d7,RaraAudioApp.exe
b850b218d5cc4cc9c1006399c26cc5ca3f9e2da3a70296fceb6760d1f0dcdf90,Solitare.exe
9a77a653ed5c2ec0f9c00019ef6a5cf6153335fcb636c5e56edc3ccd7ad12cd2,Crossword.exe
a5187cbb42b0e0dfb747c8fe86638dc68be9915ec112f7f6f72c8f3735489c76,MasterChess.exe
694fbbb9f7fb7650614808d1499a311777fb93c960e936103836ac8511054105,RaraAudioApp.exe
218a3a2e60779c4b4f1c83467f93d7b5c405b9acb799b4b2cdaacb7b26cd48a1,RocketPDFPro.exe
82c452855e3d41cb1a3396e8e1aed7e26812f127ef31c93a8f375e1acb458ff5,Minesweeper.exe
726a59dd49ec89f53b4eee0bdbe9bd0775ab2dc96aab34a46dcd71655bc62765,RaraAudioApp.exe
12f89e34e4d34be57501387cfd2d1cd6a956cb5b29e90d6dfa7bf18ad46656af,launcher.exe
01be1921183b9bf658aed25dbd6e90119bb2741984fc0e7e74789fa32ec0512e,injecteur.exe
8be6cd8cea71c3e4288598f378d67981e2b4464ff5d673e0dd98909a78009bb7,RaraAudioApp.exe
d799cc1713932e9748ec9d293f831d150e1e345c0e58279cd7c3e49c35e667be,C:\Users\user\Desktop\TEST_DOWNLOAD\dst1\61ca26f402efc5f7ac717b6f4960706b20d644eb.exe
e1ef48f5585aef84a0fe193233faa0f46754ae4aed883d1c6aa151d4ffa086ba,Checker ULP.exe
b6428ce4bf46091df0f96777ab5a2c187ddf4d788421d8b498a9d390b93bc2de,SetupKignht4.4.0.exe
82647675445e0d1198639c050880dbea13cc1ba61a18e99ecaa1dd0669f5ac24,ImageG.exe
8fd4b095fad78130c0b3cdaafa9db0fa523a60b7e837f9934d3855c03504ee47,C:\Users\user\AppData\Local\Microsoft\MagTable\AsralSpoofer.exe
a7153585ae5ca228419ed4e6293ec910b8ca98218e278479e3fcc67101e11ffc,Palacheat.exe
12dfbfaba2271a2a2a30c502afd69bcd9783400914f6f075ba141625ef62dd03,ImageG.exe
fe8d1c45540e64f4b8cc73d9f6ba3f08f3ec8da5ebf6ccaea470fb2122dff275,launcher (1).exe
b2665f90c1c54dcc77aa3cc62acde7f92101b570159a13dc7c5b774665a9bee6,spoofer.exe
a22c7cfd0dc9465a81bd6f99ad8ae0d2074e6f61ab9114582ca9a1da9960c586,ExitLag.exe
3348ada126068f3adecf9ec9f707e719184fb652b7cba1b700f8f377b841e1d5,Launcher/Leveling_Adventure1.9.2.exe
492f9757edba4e58462a4a697c5145ab9fac1571c92482bf9b195a063f3d4fce,ExitLag (1).exe
cb680abe9bbfe955721672528c76959d34d600b4f2c624ebf4a75266c80bab87,Launcher.exe
a3ad384b05d824e2097cf36e2182155cd67c88637d0ee908c59241ea4e98a32a,Probira.exe
7291a11b822d5b69413afb1d6569c2b14a243d30c7e2a7c2b0f28e886a77a352,Moonlight.exe
cda23f0134582b73f5de3dc85a2fd5ab8fc9413296f7956c32142f55f1789cf7,non (1).exe
dfbaec29a20ff7b629d3d33ebb3fd81d2da2c34bb88b4d51c5641f8beb53ce86,FragPunk (1).exe
e0a88e5b0b7dd73919257a097b8ca5f1aba5f4a33ff87c19441c3944aa301d60,image-logger.exe
7feb6ac46747af846a2732148148933adcf38e8ef1423750b73bbd9f0382d4e6,RPReplay_sextape22_03_2025.exe
131edd182563327dd218f99150e43efa445e919f6d0566a845154afb0a085b61,Tzinjector.exe
258926957136cd029a4d2d83b299656237c9cc37372191be2b15fc6effa85be7,Dire Talon Setup.exe
43f09da2df507929ac596ddfbb0f0c2485058a23b7436763887de6e457333244,LITEE.exe
d62867ec081a35c719270d76094c043269fdbf2d27bac5ec4e209e8115dde14a,test.exe
3e3b666102dcb01cdc77dc3d043f4ccac4dd05e98e81712e9292441aa9b83772,fixfncstournaments.exe
d67662432658d50fd2da61dded00a4936ad516ddd83477b63fac0601e9e98246,C:\Windows\Lite Exe.exe
93e0cb7c8dcc90e1453ed239fb164f1edf16f980fecc48a85790ec1803dad35d,constCaca.exe
47a359fa4181ad4932934a7d7d41f880c2be25491ae3c27ce59020e58c352820,hellodear.exe
e60c139bc8b26579496520ccabcf0804d7373b44434d280132b1ebe1e14282a2,pdfshine.exe
10f8df3d2aea28382f829c65a9af2cd869d43eba88c53fa067ec3958ed0181c7,SearchMyManual.exe
c837eb288129072ed78885a4cb4f2de307ac37a3644a57c893b6a545ff3ddf70,MyRadioBuddyInstaller.exe
75b6ee6184af5c9a19736f211cd2b359bd5bb5aecc79af9ceb859a6e9cdb9a5a,RaraAudioApp.exe
0e024267203ff2c7239bdbb73bc425536ddd8153a4df430e1d95bddb34d2af95,RaraAudioApp.exe
9c9fec959f42e8c9a99fe539614abd85171ceac422eb3db82b027a6fee433548,RaraAudioApp.exe
cb69835db39dd9babde615340860d599e29d79ffa78516907e96df3413315aa7,RaraAudioApp_a - copia.exe
140c34a4a3f9535c06a0b3c99a54870e04c68eca9a463958fb4e2453b40f3c1e,C:\Users\thral\Downloads\viewmanual (1).exe
ef1b0bbf13ad0851f6f8e5b380288df45f7082d777cf6ea85a2aae281c23803c,usermanually.exe
93205b3a87348cc2886154b5d30f88711c9e050a671baf927fb727a15f72382d,easyusermanual.exe
dab25bf8e58dd4091fc7496566f5e1374e6bf069c29a61532181a77632e42754,UntieAudioApp.exe
62d6c1e8778d512860dd730b918f33919df960ce97a019a1e3b28ef2c7fd60a4,viewmanual.exe
fd02449fd3b318196777a7c72cc642906c5b1c5a70d261aa06ac810285a7fc7d,C:\Users\erc73\Downloads\usermanualpro.exe
dee105814d284d8aae6a5190e57f51248efe88a9a7a0ab7f935dfaf7d8d3a387,MyRadioBuddyInstaller20250212 (2).exe
a946a59d49e946a1eebfcf6ff2e8e46515380cd4668f60b265cb1a891ee0bd68,SmartManualSearch.exe
bfac5488c805b5e87a130ce74b7961832da3d55f51e9e2d0d00d1cea1019c309,usermanualmaster.exe
1751e9317d71f54b69287948da8ff6ea44de79295e2a8bd35eeb9e5978f47d06,RaraAudioApp.exe
e3cb5e8f623e45088779c90514615d35ad0a3970d49483bcba2917129c8a20bf,UntieAudioApp (1).exe
644d560018f1237b3b339019ac7e21b54b94e8b15edbab5d45b7ef82998c7d5c,RaraAudioApp__e (1).exe
97cb7a45f72172cc01a12891ce04202de14fcc7cc878451778ab19b3cdda6316,RaraAudioApp.exe
b78183db84847c13a4158c0b8c54326876b350924410912fe0dc9c25c15f3eca,RaraAudioApp.exe
30bd7b22e1a05edd384cc776cbb00bab9e3a043b1c1c410ddda637425a608cea,RaraAudioApp.exe
f4cf5c328bc2c1d2f83676b61a91ed63d536b2ad9cf26707e7ab4a4d25b56c2d,RaraAudioApp.exe
efebcb7aba4880380e5c11cdbb109b86aeeb9395463c4e836332b1ed4f8883df,UntieAudioApp.exe
6b055fedb913da5ed8b736c5dc1e56a9afe86858b1c46fdb7e8f981d6e5d966f,RaraAudioApp.exe
23d6ee179f84167b03196e48c7a951da98ecaba26a7bf2f8e87f5783b8c3c334,RaraAudioApp.exe
6c9cc972f9f39c089c9e893dbca988d11cb811826d3d1e27c854f9723e529503,UntieAudioApp Setup 2.0.16.exe
923d6031fa237b5ba80f6dfdf1b9de5d9db297d571c343ed33e8fad9423ccf84,RaraAudioApp.exe
f8107237485783f2c88df745e0d7b2ab4471ed794704ad6754f4c2b5c40c2dcc,RaraAudioApp.exe
3cdee1c90386201df6028ea57378d6bda54fe3d6d5237239c9d919b063bc675c,RaraAudioApp.exe
f7c661fd51350616925c7c11f2eaa5ca953387d906b07d7aa3d44e1487970b95,RaraAudioAppD.exe
e10d4c6a76a56f0a7be5692ea5d1fc44921543d9bc2e82b46a5e65b1196bc980,RaraAudioAppD.exe
92c7cd5e4d0c584d11999d8dbee3deb572aa03dbdfe39087e08ece27f0eed80a,viewmanual_e.exe
a609d6386414bf8241a084cd3bf819c06790e8b76f6b2f4ba792c3109fa9b47b,setup.exe
5600dda9f7273f3bbeacb35aaa795e39bf8376cae66b5e4466769f306c6800f9,easyusermanual.exe
647acbe4e2ddb36ba6868de80d72a7750142239ebe46ff468a99845ec638fc22,bestusermanual.exe
c99b4cd3655ec4a5a7e49be77a90ce1fb8286f5ed08ad4d20c8c2ab306833f10,UntieAudioApp.exe
b32216f83e73459209cfc504f18b17033a8f8c020ea1932fdcdb77b2e5a88f50,UntieAudioApp Setup 2.0.16.exe
99e80590240a4047aa12ae7f640389b20f9482bc7082b3a325f1ebefb07df567,UntieAudioApp_e.exe
4a298680ae38868fd2dd81f8c90883072e9fa67d7d72ac9feb7095b388b948a8,UntieAudioApp_e.exe
55a33c19b1ba67d94c0700c1e2ce60500ceac4d4b2487d9e5eb603f97dc0c2fd,UntieAudioApp (9).exe
e303900f44f3ba0de6acbdbeba111876b61e512e04cefc92e8e091f69033698a,UntieAudioApp.exe
6bade765470e3a42dd2aa72536e6a6d5f5436baf30b64dae6799c4f7acddd1b0,/tmp/f3874870-0327-4527-95ea-70600cb4e654/bestusermanual.exe
e45f3ac28e2f44cb270210071d60c43b4b55d9249a1e8f9433570795ffec306c,pdfconvert.exe
6965a90500789b1d890432a97e8deb83665bbd9cc7755bd4de4c5de9f4e2fcf7,viewmanual.exe
fb3e788dd80a3ad92d4a5e6feb551b11b73e7c7a2af0f0d72f18eb3f5261aff8,PDFBlenderSigned11_27.exe
2e09e1e2d6a50bdcee23859035d26ae2a198fdc77727eacb291c25875d664267,installer (2).exe
316cd4f5ad1fef6b4ea700ff6fe1589a8ece4a377383033a134733ad7551e17f,changepdf.exe
321502fed2cf378d9f0ca4710a969315487f65476ef3142336d046a8a7f535d5,c:\3743015693.exe
30c18e8abfd75c796c3fd4bdd55f3de72c137ee72cc56f7bc4f78fce10c0e717,changepdf.exe
16e8874d199a578acb10fd16ac60e20d2b2c0b77ffacf7f39a0203b14d94392d,OnlineManualSearch10.28Signed (2).exe
c8041e1b76b14406ddb4cbbc17deba3e28a7780cc86dc913c8dc727398b79bf0,Stream.Installer.exe
fe320d6ab854bacf07013b023cc2ebb4276529d27222b13d63993b84ab311fb9,C:\Users\user\Desktop\TEST_DOWNLOAD\dst1\8abadbb8e5d879bce73af14210dd475ece129d33.exe
3daf887dc6ff2bd7bb5fdddb0189e7e6f383d06ed01f7dd5ae845098127be897,OnlineManualSearchNoTySigned2.exe
8f0c62362e93d4252e234da7f3277ec9cf93638002cd7c5065d4624993a828c4,OnlineManualSearchNoTySigned.exe
4635ed9c0d6d77513e1d10575e0670f86466ac8aae41620f15cf15e62e280ff1,SeraphicInstaller.exe
9dd04ddce819aebad34e681b24ca934d06918fe45b299762e984a2a831a53644,ShieldBattery-setup-8.5.0.exe
